관리번호,도로명주소,데이터기준일자,위도,경도
2001-01-01,서울특별시 마포구 공덕동 손기정로 2,2025-04-22,37.55766351,126.9605205
2001-01-02,서울특별시 마포구 공덕동 마포대로 270,2025-04-22,37.55726993,126.9599003
2001-01-03,서울특별시 마포구 공덕동 환일길 13,2025-04-22,37.55703893,126.9602042
2001-01-05,서울특별시 마포구 공덕동 환일7길 18,2025-04-22,37.55549163,126.9620705
2001-01-06,서울특별시 마포구 공덕동 손기정로12길 4,2025-04-22,37.55596249,126.9623531
2001-01-07,서울특별시 마포구 공덕동 마포대로24길 31-8,2025-04-22,37.5530984,126.960976
2001-01-09,서울특별시 마포구 공덕동 마포대로 236,2025-04-22,37.55472664,126.9579462
2001-01-10,서울특별시 마포구 공덕동 환일길 58-1,2025-04-22,37.55308894,126.9612606
2001-01-11,서울특별시 마포구 공덕동 환일길 66,2025-04-22,37.55243908,126.9616113
2001-01-13,서울특별시 마포구 공덕동 마포대로28라길 14,2025-04-22,37.55499725,126.9596223
2001-01-14,서울특별시 마포구 공덕동 마포대로18길 12,2025-04-22,37.55143169,126.9567226
2001-01-15,서울특별시 마포구 공덕동 만리재로20길 24,2025-04-22,37.55053197,126.9631183
2001-01-16,서울특별시 마포구 공덕동 만리재로20길 8,2025-04-22,37.55104817,126.9626264
2001-01-17,서울특별시 마포구 공덕동 효창원로95길 14,2025-04-22,37.54890256,126.9626958
2001-01-18,서울특별시 마포구 공덕동 만리재로10안길 26,2025-04-22,37.54878254,126.9615582
2001-01-19,서울특별시 마포구 공덕동 만리재로12길 25,2025-04-22,37.54913215,126.9610833
2001-01-20,서울특별시 마포구 공덕동 만리재로12길 36,2025-04-22,37.54880054,126.9606623
2001-01-21,서울특별시 마포구 공덕동 효창목5길 24,2025-04-22,37.54802766,126.9614814
2001-01-22,서울특별시 마포구 공덕동 임정로25길 8,2025-04-22,37.5465428,126.9600859
2001-01-23,서울특별시 마포구 공덕동 효창목길 31,2025-04-22,37.54735167,126.9610116
2001-01-24,서울특별시 마포구 공덕동 효창목5길 1,2025-04-22,37.54807606,126.9601655
2001-01-25,서울특별시 마포구 공덕동 효창목길 11,2025-04-22,37.54759245,126.9592685
2001-01-26,서울특별시 마포구 공덕동 마포대로14라길 3,2025-04-22,37.54779823,126.9571944
2001-01-27,서울특별시 마포구 공덕동 마포대로20길 6-11,2025-04-22,37.53841926,126.9449695
2001-01-28,서울특별시 마포구 공덕동 마포대로 214,2025-04-22,37.55285895,126.9571871
2001-01-29,서울특별시 마포구 공덕동 마포대로16나길 25,2025-04-22,37.5514254,126.9580969
2001-01-30,서울특별시 마포구 공덕동 만리재옛길 84,2025-04-22,37.55017417,126.9600328
2001-01-31,서울특별시 마포구 공덕동 만리재로10길 4,2025-04-22,37.54917023,126.9601781
01-01-32,서울특별시 마포구 공덕동 만리재로10길 1-8,2025-04-22,37.54938854,126.9606959
01-01-34,서울특별시 마포구 공덕동 만리재로16길 20-9,2025-04-22,37.54994069,126.9624285
01-01-35,서울특별시 마포구 공덕동 만리재로14길 15,2025-04-22,37.55044701,126.9614595
01-01-36,서울특별시 마포구 공덕동 만리재로14길 34,2025-04-22,37.54961768,126.961846
01-01-37,서울특별시 마포구 공덕동 만리재옛길 56,2025-04-22,37.5485953,126.9575615
01-01-38,서울특별시 마포구 공덕동 백범로39길 22,2025-04-22,37.54208798,126.956741
2001-01-12,서울특별시 마포구 아현동 신촌로34길 23,2025-04-22,37.55617026,126.9546723
2001-03-01,서울특별시 마포구 도화동 마포대로4길 18,2025-04-22,37.53870719,126.9466713
2001-03-02,서울특별시 마포구 도화동 마포대로4나길 64,2025-04-22,37.53652038,126.9447357
2001-03-03,서울특별시 마포구 도화동 마포대로4나길 54,2025-04-22,37.53697135,126.944782
2001-03-04,서울특별시 마포구 도화동 마포대로4나길 23,2025-04-22,37.53796755,126.9458641
2001-03-05,서울특별시 마포구 도화동 마포대로4라길 13,2025-04-22,37.53768948,126.9464096
2001-03-06,서울특별시 마포구 도화동 마포대로4길 62,2025-04-22,37.53694583,126.946499
2001-03-07,서울특별시 마포구 도화동 삼개로5길 29,2025-04-22,37.53770569,126.9486216
2001-03-08,서울특별시 마포구 도화동 도화2안길 29,2025-04-22,37.53868698,126.9488566
2001-03-09,서울특별시 마포구 도화동 도화2안길 11,2025-04-22,37.53929037,126.9490396
2001-03-10,서울특별시 마포구 도화동 도화2길 6,2025-04-22,37.54018545,126.9486823
2001-03-11,서울특별시 마포구 도화동 도화2길 49,2025-04-22,37.5395042,126.9492739
2001-03-12,서울특별시 마포구 도화동 도화4길 94,2025-04-22,37.53829349,126.9505006
2001-03-13,서울특별시 마포구 도화동 도화4길 39,2025-04-22,37.54030866,126.9517947
2001-03-14,서울특별시 마포구 도화동 새창로4길 12,2025-04-22,37.54158779,126.9515163
2001-03-15,서울특별시 마포구 도화동 새창로6나길 30,2025-04-22,37.54097541,126.9542912
2001-03-16,서울특별시 마포구 도화동 도화4길 13-1,2025-04-22,37.54122842,126.9509552
2001-04-01,서울특별시 마포구 용강동 대흥로4길 49,2025-04-22,37.54147255,126.9397737
2001-04-02,서울특별시 마포구 용강동 대흥로4길 54,2025-04-22,37.54102731,126.9396598
2001-04-03,서울특별시 마포구 용강동 대흥로2길 75,2025-04-22,36.34847306,126.5980876
"관리번호 
없음",서울특별시 마포구 용강동 대흥로2길 9,2025-04-22,37.54218656,126.937622
2001-04-04,서울특별시 마포구 용강동 토정로25안길 12,2025-04-22,37.54404329,126.9406666
2001-04-05,서울특별시 마포구 용강동 토정로 265-17,2025-04-22,37.54351114,126.9399236
2001-04-06,서울특별시 마포구 용강동 대흥로4길 22,2025-04-22,37.54202675,126.9383531
2001-05-01,서울특별시 마포구 대흥동 서강로16길 51,2025-04-22,37.55187063,126.9365302
2001-05-02,서울특별시 마포구 대흥동 신촌로22길 9,2025-04-22,37.5555853,126.9403965
2001-05-03,서울특별시 마포구 대흥동 고산3길 19,2025-04-22,37.55468338,126.9386032
2001-05-04,서울특별시 마포구 대흥동 신촌로26길 10,2025-04-22,37.55585899,126.9423208
2001-05-05,서울특별시 마포구 대흥동 신촌로 170,2025-04-22,37.55635786,126.9443618
2001-05-06,서울특별시 마포구 대흥동 고산3길 19,2025-04-22,37.55468338,126.9386032
2001-05-07,서울특별시 마포구 대흥동 신촌로20길 44,2025-04-22,37.55337389,126.9386431
2001-05-08,서울특별시 마포구 대흥동 고산2길 50,2025-04-22,37.55370762,126.9402107
2001-05-09,서울특별시 마포구 대흥동 고산2길 58,2025-04-22,37.55358419,126.9407618
2001-05-10,서울특별시 마포구 대흥동 서강로16길 21,2025-04-22,37.55272646,126.9353077
2001-05-11,서울특별시 마포구 대흥동 고산2길 75,2025-04-22,37.5542886,126.9414996
2001-05-12,서울특별시 마포구 대흥동 서강대길 18,2025-04-22,37.54913791,126.9401549
2001-05-13,서울특별시 마포구 대흥동 백범로15길 21,2025-04-22,37.5484453,126.9430486
2001-05-14,서울특별시 마포구 대흥동 고산길 108,2025-04-22,37.55488272,126.9427928
2001-05-15,서울특별시 마포구 대흥동 백범로 64,2025-04-22,37.54904499,126.9388811
01-05-14(2),서울특별시 마포구 대흥동 고산18길 44,2025-04-22,37.55247754,126.9451511
2001-06-01,서울특별시 마포구 염리동 마포대로11길 102,2025-04-22,37.5490124,126.9487773
2001-06-02,서울특별시 마포구 염리동 백범로25길 82,2025-04-22,37.54940057,126.9480113
2001-06-03,서울특별시 마포구 염리동 숭문길 32,2025-04-22,37.54793706,126.945575
2001-06-04,서울특별시 마포구 염리동 백범로17길 56,2025-04-22,37.55315945,126.9374261
2001-06-05,서울특별시 마포구 염리동 백범로17길 18,2025-04-22,37.5478783,126.9441751
2001-06-06,서울특별시 마포구 염리동 마포대로28라길 14,2025-04-22,,
2001-02-01,서울특별시 마포구 염리동 마포대로11가길 10,2025-04-22,37.54838816,126.9493547
2001-01-04,서울특별시 마포구 염리동 숭몬5길 16-4,2025-04-22,,
2001-07-01,서울특별시 마포구 신수동 독막로 221,2025-04-22,37.54753327,126.9384796
2001-07-02,서울특별시 마포구 신수동 독막로29길 15,2025-04-22,37.5481081,126.9374418
2001-07-03,서울특별시 마포구 신수동 독막로29길 28,2025-04-22,37.54805601,126.9381075
2001-07-04,서울특별시 마포구 신수동 광성로 36-1,2025-04-22,37.54965421,126.9370989
2001-07-05,서울특별시 마포구 신수동 독막로29길 29-4,2025-04-22,37.54840314,126.9382336
2001-07-06,서울특별시 마포구 신수동 광성로42-1,2025-04-22,37.54961678,126.9376982
2001-07-07,서울특별시 마포구 신수동 신수로 102,2025-04-22,37.55016177,126.9363047
2001-07-08,서울특별시 마포구 신수동 신수로6길 21,2025-04-22,37.5484445,126.934978
2001-07-09,서울특별시 마포구 신수동 신수로 80,2025-04-22,37.54867646,126.9346304
2001-07-10,서울특별시 마포구 신수동 신수로 90,2025-04-22,37.54941173,126.9353848
2001-07-11,서울특별시 마포구 신수동 광성로 4,2025-04-22,37.54984818,126.9334491
2001-07-12,서울특별시 마포구 신수동 독막로 182,2025-04-22,37.5472058,126.9337418
2001-07-13,서울특별시 마포구 신수동 독막로24길 9,2025-04-22,37.54668884,126.932995
2001-07-14,서울특별시 마포구 신수동 독막로24길 25,2025-04-22,37.54616482,126.9328375
2001-07-15,서울특별시 마포구 신수동 독막로 188,2025-04-22,37.54725418,126.9345381
2001-07-16,서울특별시 마포구 신수동 독막로26길 22,2025-04-22,37.5466092,126.9355928
2001-07-17,서울특별시 마포구 신수동 독막로26길 16,2025-04-22,37.54668843,126.9353298
2001-07-18,서울특별시 마포구 신수동 토정로15안길 5,2025-04-22,37.54580668,126.9354289
2001-07-19,서울특별시 마포구 신수동 토정로 221,2025-04-22,37.5449893,126.9356127
2001-07-20,서울특별시 마포구 신수동 독막로26길 42,2025-04-22,37.54592076,126.9362958
2001-07-21,서울특별시 마포구 신수동 독막로28길 34,2025-04-22,37.54576594,126.9369061
2001-07-22,서울특별시 마포구 신수동 독막로28길 53,2025-04-22,37.5448495,126.937178
2001-07-23,서울특별시 마포구 신수동 독막로28길 65,2025-04-22,37.54422242,126.9368724
2001-07-24,서울특별시 마포구 신수동 독막로32길 43,2025-04-22,37.54560124,126.9377628
2001-07-25,서울특별시 마포구 신수동 독막로28길 19,2025-04-22,37.54635578,126.9373329
2001-07-26,서울특별시 마포구 신수동 독막로32길 15,2025-04-22,37.54643866,126.9388553
2001-07-27,서울특별시 마포구 신수동 대흥로9길 24,2025-04-22,37.5450372,126.9377376
2001-07-28,서울특별시 마포구 신수동 대흥로9길 10,2025-04-22,37.54475963,126.9382995
2001-07-29,서울특별시 마포구 신수동 대흥로11길 5,2025-04-22,37.54488491,126.9387248
2001-07-30,서울특별시 마포구 신수동 토정로16길 10,2025-04-22,37.54467188,126.9347931
2001-07-31,서울특별시 마포구 신수동 독막로 227,2025-04-22,37.54737666,126.9391514
01-07-32,서울특별시 마포구 신수동 신수로 25-8,2025-04-22,37.54398213,126.9337632
01-07-33,서울특별시 마포구 신수동 토정로14길 23,2025-04-22,37.54426437,126.9324144
01-07-34,서울특별시 마포구 신수동 신수로3길 11,2025-04-22,37.5426904,126.9334932
01-07-35,서울특별시 마포구 신수동 신수로3길 3-13,2025-04-22,37.54235075,126.9332213
01-07-36,서울특별시 마포구 신수동 광성로4길 5,2025-04-22,37.5496668,126.937393
2001-08-01,서울특별시 마포구 서강동 서강로 36,2025-04-22,37.5462316,126.9312923
2001-08-02,서울특별시 마포구 서강동 독막로22길 1-18,2025-04-22,37.54693586,126.9299901
2001-08-03,서울특별시 마포구 서강동 독막로20길 42,2025-04-22,37.54695056,126.9276124
2001-08-04,서울특별시 마포구 서강동 토정로167,2025-04-22,37.5464776,126.9289071
2001-08-05,서울특별시 마포구 서강동 독막로21길 7,2025-04-22,37.54830387,126.9282322
2001-08-06,서울특별시 마포구 서강동 독막로21길 23,2025-04-22,37.5492079,126.929216
2001-08-07,서울특별시 마포구 서강동 서강로1길 30,2025-04-22,37.54917749,126.9301971
2001-08-08,서울특별시 마포구 서강동 서강로3길 33,2025-04-22,37.54942488,126.9300027
2001-08-09,서울특별시 마포구 서강동 서강로5길 16-19,2025-04-22,37.55062542,126.9310077
2001-08-10,서울특별시 마포구 서강동 와우산로32길 5,2025-04-22,37.54731256,126.9231682
2001-08-11,서울특별시 마포구 서강동 와우산로30길 74,2025-04-22,37.55231016,126.9282316
2001-08-12,서울특별시 마포구 서강동 와우산로30길 56,2025-04-22,37.5528206,126.9288634
2001-08-13,서울특별시 마포구 서강동 와우산로30길 36,2025-04-22,37.55326366,126.9298394
2001-08-14,서울특별시 마포구 서강동 와우산로24길 23,2025-04-22,37.55252284,126.9261088
2001-08-15,서울특별시 마포구 서강동 와우산로 59-1,2025-04-22,37.54974236,126.9228703
2001-08-16,서울특별시 마포구 서강동 와우산로 29,2025-04-22,37.54715249,126.9228043
2001-08-17,서울특별시 마포구 서강동 독막로 95-21,2025-04-22,37.5480272,126.9240899
2001-08-18,서울특별시 마포구 서강동 서강로 75-16,2025-04-22,37.54962131,126.9312557
2001-08-19,서울특별시 마포구 서강동 독막로12길 5,2025-04-22,37.54745769,126.9201473
2001-08-20,서울특별시 마포구 서강동 와우산로3안길 49-6,2025-04-22,37.54706832,126.9206001
2001-08-21,서울특별시 마포구 서강동 어울마당로 20,2025-04-22,37.54707458,126.9197394
2001-08-22,서울특별시 마포구 서강동 어울마당로 13,2025-04-22,37.5501961,126.9212177
2001-08-23,서울특별시 마포구 서강동 어울마당로 2,2025-04-22,37.54557152,126.9189257
2001-08-24,서울특별시 마포구 서강동 독막로12길 46,2025-04-22,37.54599166,126.9193238
2001-08-25,서울특별시 마포구 서강동 어울마당로2길 9,2025-04-22,37.54633075,126.9197942
2001-08-26,서울특별시 마포구 서강동 독막로12안길 27,2025-04-22,37.54599526,126.9209269
2001-08-27,서울특별시 마포구 서강동 와우산로 15-3,2025-04-22,37.54596202,126.9227004
2001-08-28,서울특별시 마포구 서강동 토정로 77,2025-04-22,37.54564562,126.9193744
2001-08-29,서울특별시 마포구 서강동 토정로 95,2025-04-22,,
2001-08-30,서울특별시 마포구 서강동 와우산로1길 21,2025-04-22,37.54558626,126.9218126
2001-08-31,서울특별시 마포구 서강동 와우산로1길 30,2025-04-22,37.54567099,126.9213184
01-08-32,서울특별시 마포구 서강동 토정로 104,2025-04-22,37.54492061,126.9223654
01-08-33,서울특별시 마포구 서강동 독막로19길 42-6,2025-04-22,37.54916894,126.923937
01-08-34,서울특별시 마포구 서강동 와우산로 10,2025-04-22,37.54529789,126.9231071
01-08-35,서울특별시 마포구 서강동 토정로11길 42,2025-04-22,37.54608976,126.9244735
01-08-36,서울특별시 마포구 서강동 토정로11길 17,2025-04-22,37.54572125,126.925755
01-08-37,서울특별시 마포구 서강동 토정로11길 11,2025-04-22,37.54568373,126.9259706
01-08-38,서울특별시 마포구 서강동 토정로 132,2025-04-22,37.54518076,126.9257817
01-08-39,서울특별시 마포구 서강동 독막로 68,2025-04-22,37.54759981,126.9208586
01-08-40,서울특별시 마포구 서강동 와우산로5길 29,2025-04-22,37.54691736,126.9213567
2002-09-01,서울특별시 마포구 서교동 동교로 13길 8,2025-04-22,37.55498126,126.9135677
2002-09-02,서울특별시 마포구 서교동 동교로 120,2025-04-22,37.5545819,126.9155136
2002-09-03,서울특별시 마포구 서교동 동교로 16길 26,2025-04-22,37.55377489,126.9159059
2002-09-04,서울특별시 마포구 서교동 잔다리로7안길 41,2025-04-22,37.55285897,126.9156977
2002-09-05,서울특별시 마포구 서교동 동교로 12길 21,2025-04-22,37.55346487,126.9126921
2002-09-06,서울특별시 마포구 서교동 동교로 12길 42,2025-04-22,37.55241583,126.9126822
2002-09-07,서울특별시 마포구 서교동 월드컵북로5길 49,2025-04-22,37.55624796,126.9163079
2002-09-08,서울특별시 마포구 서교동 동교로 157-1,2025-04-22,37.5559629,126.919308
2002-09-09,서울특별시 마포구 서교동 월드컵로10길 56,2025-04-22,37.55547946,126.9147356
2002-09-10,서울특별시 마포구 서교동 월드컵북로 4길 47,2025-04-22,37.55839505,126.9215781
2002-09-11,서울특별시 마포구 서교동 동교동 200-2 ,2025-04-22,37.5571419,126.9261901
2002-09-12,서울특별시 마포구 서교동 동교로 27길 26,2025-04-22,37.5593517,126.922483
2002-09-13,서울특별시 마포구 서교동 월드컵북로 4길 87,2025-04-22,37.55969129,126.9231753
2002-09-14,서울특별시 마포구 서교동 동교로 25길 5,2025-04-22,37.55739839,126.9220248
2002-09-15,서울특별시 마포구 서교동 동교로 212-2,2025-04-22,37.55911605,126.9239503
2002-09-16,서울특별시 마포구 서교동 신촌로12나길 32,2025-04-22,37.55485556,126.9342517
2002-09-17,서울특별시 마포구 서교동 신촌로12나길 12,2025-04-22,37.55530106,126.9331968
2002-09-18,서울특별시 마포구 서교동 신촌로10길 16,2025-04-22,37.55605477,126.9318235
2002-09-19,서울특별시 마포구 서교동 신촌로 6길 17,2025-04-22,37.55654538,126.9300198
2002-09-20,서울특별시 마포구 서교동 와우산로 37길 24,2025-04-22,37.55637613,126.9296423
2002-09-21,서울특별시 마포구 서교동 와우산로 35길 39,2025-04-22,37.55623308,126.9286412
2002-09-22,서울특별시 마포구 서교동 와우산로 35길 17,2025-04-22,37.55574964,126.9295937
2002-09-23,서울특별시 마포구 서교동 와우산로 33길 27,2025-04-22,37.55555289,126.9288875
2002-09-24,서울특별시 마포구 서교동 와우산로 29나길 15,2025-04-22,37.55445051,126.9281336
2002-09-25,서울특별시 마포구 서교동 와우산로 29가길 48,2025-04-22,37.55391453,126.9268422
2002-09-26,서울특별시 마포구 서교동 와우산로 27길 75,2025-04-22,37.55554115,126.9246345
2002-09-27,서울특별시 마포구 서교동 홍익로 2길 37,2025-04-22,37.55521255,126.9243427
2002-09-28,서울특별시 마포구 서교동 와우산로 23길 15,2025-04-22,37.55363995,126.9242055
2002-09-29,서울특별시 마포구 서교동 와우산로27길44,2025-04-22,37.55487863,126.9261818
02-09-31,서울특별시 마포구 서교동 월드컵로14길 5,2025-04-22,37.55600518,126.9107022
02-09-32,서울특별시 마포구 서교동 월드컵로16길 15,2025-04-22,37.55726887,126.910402
02-09-33,서울특별시 마포구 서교동 잔다리로 117 ,2025-04-22,37.55731676,126.9136062
02-09-34,서울특별시 마포구 서교동 월드컵로16길 65,2025-04-22,37.55799263,126.9129186
02-09-35,서울특별시 마포구 서교동 월드컵북로7길 60,2025-04-22,37.55787119,126.9146639
02-09-36,서울특별시 마포구 서교동 동교로13길 52-5,2025-04-22,37.55674433,126.9123443
02-09-37,서울특별시 마포구 서교동 월드컵로16길 47,2025-04-22,37.5576672,126.9120758
02-09-38,서울특별시 마포구 서교동 양화로8길 17-20,2025-04-22,37.55024648,126.9172976
02-09-39,서울특별시 마포구 서교동 양화로10길 36,2025-04-22,37.55033132,126.9181429
02-09-40,서울특별시 마포구 서교동 동교로17길 54,2025-04-22,37.55723389,126.914872
02-09-41,서울특별시 마포구 서교동 양화로23길 34,2025-04-22,37.55981304,126.9249086
02-09-42,서울특별시 마포구 서교동 동교로30길 17-7,2025-04-22,37.56021338,126.9253722
02-09-43,서울특별시 마포구 서교동 월드컵북로2길 93,2025-04-22,37.55877125,126.9248162
02-09-44,서울특별시 마포구 서교동 월드컵로14길 51,2025-04-22,37.55672144,126.9131912
02-09-45,서울특별시 마포구 서교동 월드컵북로9길 17-8,2025-04-22,37.58339102,126.8789544
02-09-46,서울특별시 마포구 서교동 서강로 117,2025-04-22,,
2002-10-01,서울특별시 마포구 합정동 독막로4길 11,2025-04-22,37.54756152,126.9169296
2002-10-02,서울특별시 마포구 합정동 독막로4길 41,2025-04-22,37.5463679,126.9163314
2002-10-03,서울특별시 마포구 합정동 독막로6길 22,2025-04-22,37.5470871,126.9171229
2002-10-04,서울특별시 마포구 합정동 독막로8길 32,2025-04-22,37.54652256,126.917544
2002-10-05,서울특별시 마포구 합정동 동교로 16-18,2025-04-22,37.55119021,126.9047763
2002-10-06,서울특별시 마포구 합정동 동교로8길 15,2025-04-22,37.55134821,126.9052908
2002-10-07,서울특별시 마포구 합정동 성지1길 33,2025-04-22,37.54811057,126.9153801
2002-10-08,서울특별시 마포구 합정동 성지3길 34,2025-04-22,37.54643189,126.9148397
2002-10-09,서울특별시 마포구 합정동 성지3길 74,2025-04-22,37.54599467,126.9169177
2002-10-10,서울특별시 마포구 합정동 성지길 49,2025-04-22,37.54650376,126.9130667
2002-10-11,서울특별시 마포구 합정동 양화로1길 29,2025-04-22,37.55000037,126.910314
2002-10-12,서울특별시 마포구 합정동 양화로1길 54,2025-04-22,37.55110702,126.9101356
2002-10-13,서울특별시 마포구 합정동 양화로3길 78,2025-04-22,37.55235032,126.9109918
2002-10-14,서울특별시 마포구 합정동 양화진길 17,2025-04-22,37.54781358,126.9127492
2002-10-15,서울특별시 마포구 합정동 양화진길 29,2025-04-22,37.54731481,126.9125362
2002-10-16,서울특별시 마포구 합정동 어울마당로3길 19,2025-04-22,37.54721238,126.9186085
2002-10-17,서울특별시 마포구 합정동 월드컵로5길 33-11,2025-04-22,37.55115131,126.9108043
2002-10-18,서울특별시 마포구 합정동 월드컵로5길 36-8,2025-04-22,37.55187607,126.9100805
2002-10-19,서울특별시 마포구 합정동 월드컵로5길 51,2025-04-22,37.55129787,126.9095755
2002-10-20,서울특별시 마포구 합정동 월드컵로5길 59,2025-04-22,37.55107519,126.909276
2002-10-21,서울특별시 마포구 합정동 월드컵로7길 17,2025-04-22,37.55253877,126.9110492
2002-10-22,서울특별시 마포구 합정동 월드컵로7안길 20,2025-04-22,37.55236215,126.909133
2002-10-23,서울특별시 마포구 합정동 토정로 9,2025-04-22,37.54584533,126.9120053
2002-10-24,서울특별시 마포구 합정동 토정로 28,2025-04-22,37.54550357,126.9140617
2002-10-25,서울특별시 마포구 합정동 토정로30,2025-04-22,37.54548844,126.9143263
2002-10-26,서울특별시 마포구 합정동 토정로 46,2025-04-22,37.54541441,126.9158642
2002-10-27,서울특별시 마포구 합정동 토정로2길 5,2025-04-22,37.54539178,126.9132333
2002-10-28,서울특별시 마포구 합정동 토정로3안길 26,2025-04-22,37.54582989,126.9155258
2002-10-29,서울특별시 마포구 합정동 토정로4길 53,2025-04-22,37.54396718,126.9136792
2002-10-30,서울특별시 마포구 합정동 토정로5길 18,2025-04-22,37.54617225,126.9184487
2002-10-31,서울특별시 마포구 합정동 포은로2가길 29,2025-04-22,37.55071953,126.9088859
02-10-32,서울특별시 마포구 합정동 희우정로 31,2025-04-22,37.54996087,126.9073539
02-10-33,서울특별시 마포구 합정동 희우정로 40,2025-04-22,37.55065011,126.9069742
02-10-34,서울특별시 마포구 합정동 희우정로 46,2025-04-22,37.55119525,126.9065695
02-10-35,서울특별시 마포구 합정동 희우정로1길 25,2025-04-22,37.54905016,126.9069125
02-10-36,서울특별시 마포구 합정동 희우정로1길 48,2025-04-22,37.55002938,126.9064756
02-10-38,서울특별시 마포구 합정동 희우정로 41,2025-04-22,37.55059422,126.9066064
2002-11-01,서울특별시 마포구 망원1동 동교로3길 36,2025-04-22,37.55287607,126.9020249
2002-11-02,서울특별시 마포구 망원1동 동교로3길 53,2025-04-22,37.55330311,126.901116
2002-11-03,서울특별시 마포구 망원1동 동교로3길 80,2025-04-22,37.55418806,126.9002487
2002-11-04,서울특별시 마포구 망원1동 동교로3길 129,2025-04-22,37.5556277,126.8979645
2002-11-05,서울특별시 마포구 망원1동 망원로2길 24,2025-04-22,37.55532275,126.9008637
2002-11-06,서울특별시 마포구 망원1동 망원로2길 34,2025-04-22,37.55511044,126.901244
2002-11-07,서울특별시 마포구 망원1동 망원로4길 3,2025-04-22,37.55650879,126.9018978
2002-11-08,서울특별시 마포구 망원1동 망원로4길 45,2025-04-22,37.55470388,126.9025112
2002-11-09,서울특별시 마포구 망원1동 망원로6길 11,2025-04-22,37.55648424,126.90338
2002-11-10,서울특별시 마포구 망원1동 월드컵로11길 13,2025-04-22,37.55465635,126.9102928
2002-11-11,서울특별시 마포구 망원1동 월드컵로11길 37,2025-04-22,37.55411998,126.908995
2002-11-12,서울특별시 마포구 망원1동 월드컵로11길 79,2025-04-22,37.55358217,126.906795
2002-11-13,서울특별시 마포구 망원1동 월드컵로11길 46,2025-04-22,37.55427907,126.9084853
2002-11-14,서울특별시 마포구 망원1동 월드컵로11길 46-14,2025-04-22,37.55475037,126.9082475
2002-11-15,서울특별시 마포구 망원1동 월드컵로11길 65,2025-04-22,37.55381184,126.9074842
2002-11-16,서울특별시 마포구 망원1동 월드컵로13길 19-26,2025-04-22,37.55512718,126.9090757
2002-11-17,서울특별시 마포구 망원1동 월드컵로13길 80,2025-04-22,37.5552312,126.905684
2002-11-18,서울특별시 마포구 망원1동 월드컵로15길 24,2025-04-22,37.55588193,126.9084681
2002-11-19,서울특별시 마포구 망원1동 방울내로6길 14,2025-04-22,37.55657459,126.8989347
2002-11-20,서울특별시 마포구 망원1동 월드컵로23길 41,2025-04-22,37.55596669,126.9074022
2002-11-21,서울특별시 마포구 망원1동 방울내로9안길 22,2025-04-22,,
2002-11-22,서울특별시 마포구 망원1동 포은로5길 16,2025-04-22,37.55554167,126.9040993
2002-11-23,서울특별시 마포구 망원1동 포은로6길 17,2025-04-22,37.5559799,126.9059846
2002-11-24,서울특별시 마포구 망원1동 포은로6길 33,2025-04-22,37.5561564,126.9066661
2002-11-25,서울특별시 마포구 망원1동 희우정로10길 12,2025-04-22,37.55287806,126.9046733
2002-11-26,서울특별시 마포구 망원1동 희우정로12길 25,2025-04-22,37.55392312,126.9044384
2002-11-27,서울특별시 마포구 망원1동 희우정로16길 31,2025-04-22,37.55471993,126.9036239
2002-11-28,서울특별시 마포구 망원1동 포은로5길 47,2025-04-22,37.5549911,126.9023839
2002-11-29,서울특별시 마포구 망원1동 망원로8길 61,2025-04-22,37.55477549,126.906268
2002-12-01,서울특별시 마포구 망원2동 망원로 7-12,2025-04-22,37.55637916,126.8978879
2002-12-02,서울특별시 마포구 망원2동 망원로 14,2025-04-22,37.5563945,126.9003339
2002-12-03,서울특별시 마포구 망원2동 망원로 43,2025-04-22,37.55684758,126.9018129
2002-12-04,서울특별시 마포구 망원2동 망원로3길 24,2025-04-22,37.55775452,126.9012643
2002-12-05,서울특별시 마포구 망원2동 방울내로 41,2025-04-22,37.55902645,126.9001794
2002-12-06,서울특별시 마포구 망원2동 방울내로 61,2025-04-22,37.5598191,126.9021763
2002-12-07,서울특별시 마포구 망원2동 방울내로5길 38,2025-04-22,37.5610085,126.9005541
2002-12-08,서울특별시 마포구 망원2동 방울내로3길 51,2025-04-22,37.56090525,126.8987546
2002-12-09,서울특별시 마포구 망원2동 방울내로9안길 33,2025-04-22,37.56112539,126.9014388
2002-12-10,서울특별시 마포구 망원2동 방울내로9안길 1,2025-04-22,37.56180637,126.9028654
2002-12-11,서울특별시 마포구 망원2동 방울내로9안길 71,2025-04-22,37.5602212,126.8995747
2002-12-12,서울특별시 마포구 망원2동 방울내로9안길 89,2025-04-22,37.55990322,126.8986115
2002-12-13,서울특별시 마포구 망원2동 방울내로9안길 103,2025-04-22,37.5595787,126.8979035
2002-12-14,서울특별시 마포구 망원2동 방울내로11길 43,2025-04-22,37.56228045,126.9029461
2002-12-15,서울특별시 마포구 망원2동 방울내로11길 81,2025-04-22,37.56200219,126.9014889
2002-12-16,서울특별시 마포구 망원2동 월드컵로 123,2025-04-22,37.55909235,126.9069525
2002-12-17,서울특별시 마포구 망원2동 방울내로11길 161,2025-04-22,37.56031074,126.8973581
2002-12-18,서울특별시 마포구 망원2동 방울내로11길 181,2025-04-22,37.55987259,126.8965342
2002-12-19,서울특별시 마포구 망원2동 월드컵로25길 139,2025-04-22,37.55680609,126.9000382
2002-12-20,서울특별시 마포구 망원2동 방울내로 63,2025-04-22,37.55989674,126.9023642
2002-12-21,서울특별시 마포구 망원2동 월드컵로29길 11,2025-04-22,37.56006656,126.905441
2002-12-22,서울특별시 마포구 망원2동 월드컵로29길 76,2025-04-22,37.55871782,126.902288
2002-12-23,서울특별시 마포구 망원2동 망원로3길 32,2025-04-22,37.55591726,126.8973149
2002-12-24,서울특별시 마포구 망원2동 월드컵로31길 33,2025-04-22,37.56096651,126.9031445
2002-12-25,서울특별시 마포구 망원2동 월드컵로29길 103,2025-04-22,37.55201258,126.9121329
2002-12-26,서울특별시 마포구 망원2동 월드컵로31길 102,2025-04-22,37.55977451,126.8996067
2002-12-27,서울특별시 마포구 망원2동 포은로 132,2025-04-22,37.55868567,126.903851
2002-12-28,서울특별시 마포구 망원2동 망원로7길 62,2025-04-22,37.56016351,126.9043221
2002-12-29,서울특별시 마포구 망원2동 방울내로1길 24,2025-04-22,37.55923176,126.8982474
03-13-01,서울특별시 마포구 연남동 동교로52길 16,2025-04-22,37.56375463,126.9271971
03-13-02,서울특별시 마포구 연남동 동교로52길 4,2025-04-22,37.56413466,126.9267475
03-13-03,서울특별시 마포구 연남동 동교로51길 13,2025-04-22,37.56476596,126.9259832
03-13-04,서울특별시 마포구 연남동 동교로51길 31,2025-04-22,37.56526503,126.9251327
03-13-05,서울특별시 마포구 연남동 동교로51길 63,2025-04-22,37.56580883,126.9235235
03-13-06,서울특별시 마포구 연남동 동교로51길 91,2025-04-22,37.56608484,126.922063
03-13-07,서울특별시 마포구 연남동 연남로 76,2025-04-22,37.56587563,126.9192595
03-13-08,서울특별시 마포구 연남동 성미산로29길 30,2025-04-22,37.56533386,126.9222084
03-13-09,서울특별시 마포구 연남동 성미산로29길 17-3,2025-04-22,37.56462969,126.9224174
03-13-10,서울특별시 마포구 연남동 동교로41길 11,2025-04-22,37.5628007,126.9238424
03-13-11,서울특별시 마포구 연남동 성미산로 178,2025-04-22,37.56373929,126.9251504
03-13-12,서울특별시 마포구 연남동 동교로29길 16,2025-04-22,37.55243556,126.9056625
03-13-13,서울특별시 마포구 연남동 성미산로29길 17-9,2025-04-22,37.56450401,126.9220214
03-13-14,서울특별시 마포구 연남동 성미산로23길 26,2025-04-22,37.55872137,126.9108744
03-13-15,서울특별시 마포구 연남동 성미산로23길 46,2025-04-22,37.5653521,126.9205117
03-13-16,서울특별시 마포구 연남동 성미산로23길 46,2025-04-22,37.5653521,126.9205117
03-13-17,서울특별시 마포구 연남동 성미산로 126,2025-04-22,37.562829,126.9208423
03-13-18,서울특별시 마포구 연남동 성미산로19길 109,2025-04-22,37.56658763,126.917474
03-13-19,서울특별시 마포구 연남동 성미산로19길 91,2025-04-22,37.56583184,126.917556
03-13-20,서울특별시 마포구 연남동 연남로 65,2025-04-22,37.56488757,126.9196038
03-13-21,서울특별시 마포구 연남동 연남로7길 10,2025-04-22,37.56412065,126.919623
03-13-22,서울특별시 마포구 연남동 연남로11길 22,2025-04-22,37.56553166,126.9178664
03-13-23,서울특별시 마포구 연남동 연남로 57,2025-04-22,37.56420803,126.9201309
03-13-24,서울특별시 마포구 연남동 연남로13길 1,2025-04-22,37.5668986,126.917146
03-13-25,서울특별시 마포구 연남동 성미산로19길 9,2025-04-22,37.56217207,126.9184407
03-13-26,서울특별시 마포구 연남동 성미산로15길 6,2025-04-22,37.55851879,126.9098877
03-13-27,서울특별시 마포구 연남동 월드컵북로8길 23,2025-04-22,37.55955731,126.9184791
03-13-28,서울특별시 마포구 연남동 연남로1길 88,2025-04-22,37.55882791,126.9186762
03-13-29,서울특별시 마포구 연남동 동교로23길 106,2025-04-22,37.55225127,126.9050494
03-13-30,서울특별시 마포구 연남동 연남로3길 73,2025-04-22,37.55948343,126.9191278
03-13-31,서울특별시 마포구 연남동 연남로3길 18,2025-04-22,37.56120079,126.9214884
03-13-32,서울특별시 마포구 연남동 성미산로 165,2025-04-22,37.56478488,126.9244137
03-13-33,서울특별시 마포구 연남동 동교로 281,2025-04-22,37.56437674,126.9264343
03-14-01,서울특별시 마포구 성산1동 성산로2길 21,2025-04-22,37.56342698,126.9063061
03-14-02,서울특별시 마포구 성산1동 성미산로 38,2025-04-22,37.55862679,126.9123506
03-14-03,서울특별시 마포구 성산1동 성미산로1길 108,2025-04-22,37.56234382,126.9055435
03-14-04,서울특별시 마포구 성산1동 월드컵로 30길 12,2025-04-22,37.56120646,126.9064053
03-14-05,서울특별시 마포구 성산1동 월드컵로30다길9-3,2025-04-22,37.56242436,126.9073444
03-14-06,서울특별시 마포구 성산1동 월드컵로30나길 8,2025-04-22,37.56156663,126.9071401
03-14-07,서울특별시 마포구 성산1동 성미산로 5길 48,2025-04-22,37.56066813,126.9097755
03-14-08,서울특별시 마포구 성산1동 성미산로5길 25,2025-04-22,37.5597409,126.9102389
03-14-09,서울특별시 마포구 성산1동 성미산로 7안길 38,2025-04-22,37.55990539,126.9110266
03-14-10,서울특별시 마포구 성산1동 월드컵로26길 6,2025-04-22,37.55883778,126.9081802
03-14-11,서울특별시 마포구 성산1동 월드컵로28길29,2025-04-22,37.560388,126.9081295
03-14-12,서울특별시 마포구 성산1동 성미산로3길 28,2025-04-22,37.55958968,126.909371
03-14-13,서울특별시 마포구 성산1동 월드컵북로 15길 37,2025-04-22,37.56322583,126.9119781
03-14-14,서울특별시 마포구 성산1동 성산로6길 27,2025-04-22,37.56361003,126.9109232
03-14-15,서울특별시 마포구 성산1동 성산로4길 54,2025-04-22,37.56369066,126.9094913
03-14-16,서울특별시 마포구 성산1동 성산로4길 46,2025-04-22,37.56345101,126.9092762
03-14-17,서울특별시 마포구 성산1동 성산로4길 15,2025-04-22,37.56336849,126.9078957
03-14-18,서울특별시 마포구 성산1동 성산로8길 42,2025-04-22,34.7730583,127.6389196
03-14-19,서울특별시 마포구 성산1동 성산로4길 79,2025-04-22,34.89678174,128.6960176
03-14-20,서울특별시 마포구 성산1동 성산로4길 80,2025-04-22,37.56428471,126.9107082
03-14-21,서울특별시 마포구 성산1동 월드컵북로12길 78,2025-04-22,37.56453241,126.9152478
03-14-22,서울특별시 마포구 성산1동 연남로13길 51,2025-04-22,37.56572262,126.91461
03-14-23,서울특별시 마포구 성산1동 연남로13길 55,2025-04-22,37.56564598,126.9142906
03-14-24,서울특별시 마포구 성산1동 연남로13길 71,2025-04-22,37.56539989,126.9133833
03-14-25,서울특별시 마포구 성산1동 월드컵북로12안길62,2025-04-22,37.56442532,126.9136899
03-14-26,서울특별시 마포구 성산1동 월드컵북로18길13,2025-04-22,37.56403723,126.9140063
03-14-27,서울특별시 마포구 성산1동 월드컵북로12안길34,2025-04-22,37.56329259,126.9146763
03-14-28,서울특별시 마포구 성산1동 연남로13길 33,2025-04-22,37.56602973,126.9155606
03-14-29,서울특별시 마포구 성산1동 연남로13길 27,2025-04-22,37.56609587,126.9158267
03-14-30,서울특별시 마포구 성산1동 성미산로11길 36,2025-04-22,37.5621975,126.9164186
03-14-31,서울특별시 마포구 성산1동 월드컵북로 16길17,2025-04-22,37.563061,126.9152529
03-14-32,서울특별시 마포구 성산1동 동교로17길 86,2025-04-22,37.55843175,126.9142356
03-14-33,서울특별시 마포구 성산1동 성미산로10길 15,2025-04-22,37.55877829,126.915371
03-14-34,서울특별시 마포구 성산1동 성미산로7길 13,2025-04-22,37.55961874,126.9122918
03-15-01,서울특별시 마포구 성산2동 새터산 14길 52,2025-04-22,37.56576792,126.9089236
03-15-02,서울특별시 마포구 성산2동 새터산 14길 25 ,2025-04-22,37.56701231,126.908835
03-15-03,서울특별시 마포구 성산2동 새터산길 51 ,2025-04-22,37.56711797,126.9070636
03-15-04,서울특별시 마포구 성산2동 새터산길 25 ,2025-04-22,37.56600562,126.9068625
03-15-05,서울특별시 마포구 성산2동 새터산길 26 ,2025-04-22,37.56599078,126.9071263
03-15-06,서울특별시 마포구 성산2동 새터산길 22 ,2025-04-22,37.56576512,126.9071827
03-15-07,서울특별시 마포구 성산2동 새터산4길 2 ,2025-04-22,37.5651823,126.907336
03-15-08,서울특별시 마포구 성산2동 새터산 12길 34 ,2025-04-22,37.5657074,126.9079103
03-15-09,서울특별시 마포구 성산2동 월드컵북로31길 14,2025-04-22,37.56789871,126.9066528
03-15-10,서울특별시 마포구 성산2동 모래내로5길 9,2025-04-22,37.56628522,126.9099164
03-15-11,서울특별시 마포구 성산2동 새터산로10길 19,2025-04-22,,
03-15-12,서울특별시 마포구 성산2동 새터산 7길 5,2025-04-22,37.56551679,126.9068118
03-15-13,서울특별시 마포구 성산2동 새터산 5길 44 ,2025-04-22,37.56552903,126.9049826
03-15-14,서울특별시 마포구 성산2동 새터산14길 46,2025-04-22,37.56598762,126.9088491
03-15-15,서울특별시 마포구 성산2동 월드컵로 36길 47,2025-04-22,37.56844339,126.9053279
03-15-16,서울특별시 마포구 성산2동 월드컵북로 198-4 ,2025-04-22,37.56870954,126.9069106
03-15-17,서울특별시 마포구 성산2동 월드컵로 36길 47-16 ,2025-04-22,37.56874471,126.905027
03-15-18,서울특별시 마포구 성산2동 월드컵북로 210 ,2025-04-22,37.56922052,126.9058043
03-15-19,서울특별시 마포구 성산2동 모래내로 7길 84 ,2025-04-22,37.56828445,126.9086365
03-15-20,서울특별시 마포구 성산2동 모래내로 7길 62 ,2025-04-22,37.56769731,126.9096199
03-15-21,서울특별시 마포구 성산2동 모래내로 7길 41 ,2025-04-22,37.56728744,126.9106803
03-15-22,서울특별시 마포구 성산2동 모래내로 7길 30 ,2025-04-22,37.56730511,126.9114131
03-15-23,서울특별시 마포구 성산2동 성암로 1길 22 ,2025-04-22,37.56719509,126.9118761
03-15-24,서울특별시 마포구 성산2동 모래내로 9길 15 ,2025-04-22,37.56771445,126.9127595
03-15-25,서울특별시 마포구 성산2동 모래내로 9길 24 ,2025-04-22,37.56820807,126.9119866
03-15-26,서울특별시 마포구 성산2동 성암로 5길 37,2025-04-22,37.56856713,126.9103242
03-15-27,서울특별시 마포구 성산2동 성암로 3가길 13 ,2025-04-22,37.56897644,126.9106674
03-15-28,서울특별시 마포구 성산2동 성암로 11길 28 ,2025-04-22,37.57324897,126.9019379
03-15-29,서울특별시 마포구 성산2동 성암로 9길 14 ,2025-04-22,37.57300006,126.9035121
03-15-30,서울특별시 마포구 성산2동 성암로 9안길 8-10 ,2025-04-22,37.57340397,126.903515
03-15-31,서울특별시 마포구 성산2동 성암로5길 18,2025-04-22,37.56942412,126.9098055
03-15-32,서울특별시 마포구 성산2동 월드컵북로38가길 24,2025-04-22,37.57099792,126.9055806
03-16-01,서울특별시 마포구 상암동 월드컵북로 45길 6-7,2025-04-22,37.57514762,126.8946099
03-16-02,서울특별시 마포구 상암동 월드컵북로 43길 37,2025-04-22,37.57439025,126.8941123
03-16-03,서울특별시 마포구 상암동 월드컵북로 43길 28 ,2025-04-22,37.5743248,126.8948761
03-16-04,서울특별시 마포구 상암동 월드컵북로 45길 9 ,2025-04-22,37.57488237,126.8950152
03-16-05,서울특별시 마포구 상암동 월드컵북로 43길 20 ,2025-04-22,37.57438636,126.8950046
03-16-06,서울특별시 마포구 상암동 월드컵북로 43길 6 ,2025-04-22,37.57485828,126.8953856
03-16-07,서울특별시 마포구 상암동 매봉산로 2길 51 ,2025-04-22,37.57650654,126.8909834
03-16-08,서울특별시 마포구 상암동 매봉산로 2길 45 ,2025-04-22,37.57735054,126.8959147
03-16-09,서울특별시 마포구 상암동 월드컵북로 48길 28-12 ,2025-04-22,37.57688592,126.8956345
03-16-10,서울특별시 마포구 상암동 매봉산로 2안길 12 ,2025-04-22,37.57786457,126.8945089
03-16-11,서울특별시 마포구 상암동 월드컵북로 48길 5 ,2025-04-22,37.57660792,126.8940634
03-16-12,서울특별시 마포구 상암동 성암로 211,2025-04-22,37.57818933,126.8962787
03-16-13,서울특별시 마포구 상암동 매봉산로 2길 16,2025-04-22,37.57833432,126.894673
03-16-14,서울특별시 마포구 상암동 성암로 13길 54,2025-04-22,37.57586756,126.8977293
03-16-15,서울특별시 마포구 상암동 성암로13길 64 ,2025-04-22,37.5754501,126.8978
03-16-16,서울특별시 마포구 상암동 월드컵북로 42가길 6 ,2025-04-22,37.57510657,126.8978197
03-16-17,서울특별시 마포구 상암동 월드컵북로 42다길 14 ,2025-04-22,37.57569875,126.8973557
03-16-18,서울특별시 마포구 상암동 월드컵북로 42라길 19 ,2025-04-22,37.5761355,126.8967834
03-16-19,서울특별시 마포구 상암동 성암로 15길 46 ,2025-04-22,37.57688291,126.8963067
03-16-20,서울특별시 마포구 상암동 성암로 13길 17 ,2025-04-22,37.57724727,126.896717
03-16-21,서울특별시 마포구 상암동 월드컵북로 42가길 32,2025-04-22,37.55862426,126.9160671
03-16-22,서울특별시 마포구 상암동 월드컵북로 42가길 28 ,2025-04-22,37.57541731,126.8967731
